Glyph,shape,"etymic meaning","symbolic meaning"
Ã†th,"A looped shape with a small tail at the bottom, resembling a stylized ""a"" with a flourish.","""""Aether"""" to evoke the concept of a mystical or divine substance.""","*Balance*: Representing equilibrium and harmony, th symbolizes the balance between different forces and elements in the universe."
Bhyr,"A shape similar to a ""b"" but with an additional curve at the top, almost like a ""b"" with a hat.","""""Bramble"""" to suggest something intricate and intertwined.""","*Strength*: Bhyr embodies physical and mental strength, resilience, and the ability to overcome challenges."
Chyr,"A combination of ""c"" and ""y,"" where the tail of the ""c"" wraps around to form a loop.","""""Chimera"""" to evoke a mythical and fantastical creature.""","*Wisdom*: Chyr stands for knowledge, insight, and the pursuit of wisdom, guiding individuals toward understanding and enlightenment."
Dhyr,"A ""d"" with a horizontal line through the middle, creating a cross shape.","""""Dusk"""" to convey a sense of twilight or transition.""","*Change*: Dhyr represents transformation, growth, and the cyclical nature of life, symbolizing the constant flux and evolution of all things."
Eyr,"An ""e"" with a diagonal line crossing it from the bottom left to the top right.","""""Echo"""" to suggest a sound that carries through time and space""","*Creativity*: Eyr embodies imagination, innovation, and the creative spark that drives artistic expression and problem-solving."
Fyr,"A ""f"" with an additional curve at the top, making it look like a ""f"" with a hat.","""""Frost"""" to evoke the crisp and cool essence of winter.""","*Passion*: Fyr symbolizes intense emotion, desire, and the fiery spirit that fuels one's passions and drives them forward."
Ghyr,"A ""g"" with an additional loop at the top, resembling a ""g"" with a curly top.","""""Glimmer"""" to suggest a fleeting spark of light.""","*Connection*: Ghyr represents unity, bonds, and the interconnectedness of all things, emphasizing the importance of relationships and community."
Hyr,"An ""h"" with a vertical line extending from the middle to the bottom, creating a stylized look.","""""Harmony"""" to convey a sense of unity and balance.""","*Protection*: Hyr symbolizes safeguarding, defense, and the preservation of what is valuable, embodying the spirit of guardianship and care."
Iyr,"An ""i"" with a small loop at the top, making it look like a ""i"" with a hat.","""""Ignis"""" to represent fire and passion.""","*Purity*: Iyr stands for innocence, clarity, and the essence of pure intent, reflecting the untainted nature of the human spirit."
Jyr,"A ""j"" with an additional curve at the top, resembling a ""j"" with a curly top.","""""Jade"""" to evoke the smooth and precious quality of the gemstone.""","*Adaptability*: Jyr embodies flexibility, adaptability, and the ability to thrive in diverse circumstances, reflecting the resilience of life."
Kyr,"A ""k"" with a diagonal line crossing it from the top left to the bottom right.","""""Kaleidoscope"""" to suggest a dynamic and ever-changing pattern.""","*Courage*: Kyr symbolizes bravery, valor, and the willingness to face challenges head-on, representing the strength of heart and mind."
Lyr,"An ""l"" with a small loop at the top, making it look like an ""l"" with a hat.","""""Luminous"""" to convey a bright and radiant quality.""","*Light*: Lyr represents illumination, hope, and the guiding light that leads one through darkness, embodying the power of positivity and enlightenment."
Myr,"A ""m"" with an additional curve at the top, creating a stylized look.","""""Mystic"""" to evoke a sense of mystery and enchantment.""","*Balance*: Myr symbolizes harmony, equilibrium, and the art of finding balance in life, representing the interplay between different aspects of existence."
Nyr,"An ""n"" with a vertical line extending from the middle to the bottom.","""""Nexus"""" to represent a connection or intersection of paths.""","*Curiosity*: Nyr embodies inquisitiveness, exploration, and the drive to seek knowledge and understand the world around us."
Oyr,"An ""o"" with a horizontal line through the middle, creating a cross shape.","""""Orion"""" to evoke the famous constellation.""","*Wholeness*: Oyr represents completeness, unity, and the integration of all parts into a whole, reflecting the interconnected nature of life."
Pryr,"A ""p"" with an additional loop at the top, resembling a ""p"" with a curly top.","""""Pinnacle"""" to suggest the highest point or peak.""","*Strength*: Pyr symbolizes physical and mental fortitude, resilience, and the ability to overcome obstacles, embodying inner power and determination."
Qyr,"A ""q"" with a vertical line extending from the middle to the bottom.","""""Quasar"""" to represent a distant and powerful celestial object.""","*Reflection*: Qyr stands for introspection, self-awareness, and the process of examining one's thoughts and emotions, fostering personal growth and understanding."
Ryr,"An ""r"" with a diagonal line crossing it from the top right to the bottom left.","""""Riddle"""" to convey a sense of mystery and puzzlement.""","*Journey*: Ryr embodies the path of life, the adventures we undertake, and the experiences that shape us, reflecting the importance of the journey over the destination."
Syr,"An ""s"" with a small loop at the top, making it look like an ""s"" with a hat.","""""Serene"""" to evoke a sense of calm and tranquility.""","*Connection*: Syr represents bonds, relationships, and the connections that bring people together, highlighting the significance of community and shared experiences."
Tryr,"A ""t"" with an additional curve at the top, creating a stylized look.","""""Tide"""" to represent the ebb and flow of water.""","*Creativity*: Tryr symbolizes imagination, innovation, and the ability to create, reflecting the power of human ingenuity and expression."
Uyr,"An ""u"" with a vertical line extending from the middle to the bottom.","""""Utopia"""" to suggest an ideal or perfect society.""","*Serenity*: Uyr embodies peace, calmness, and inner tranquility, representing the stillness and balance found within."
Vyr,"A ""v"" with a small loop at the top, making it look like a ""v"" with a hat.","""""Verdant"""" to the lush and vibrant quality of nature.""","*Vitality*: Vyr symbolizes energy, vitality, and the life force that drives us forward, reflecting the dynamism and vibrancy of existence."
Wyr,"A ""w"" with an additional curve at the top, creating a stylized look.","""""Whisper"""" to suggest a soft and gentle sound.""","*Wisdom*: Wyr represents knowledge, insight, and the accumulation of experience, embodying the wisdom gained through life's journey."
Xyr,"An ""x"" with a small loop at the top, making it look like an ""x"" with a hat.","""""Xenon"""" to represent a rare and exotic gas.""","*Exploration*: Xyr stands for curiosity, discovery, and the pursuit of new knowledge and experiences."
Yyr,"A ""y"" with a vertical line extending from the middle to the bottom.","""""Yule"""" to the festive spirit of the winter solstice.""","*Unity*: Yyr represents harmony, connection, and the coming together of diverse elements."
Zyr,"A ""z"" with an additional curve at the top, resembling a ""z"" with a curly top.","""""Zephyr"""" to represent a gentle breeze.""","*Adaptability*: Zyr embodies flexibility, resilience, and the ability to adapt to changing circumstances."
